{"joint_accuracy": 0.0, "act_rec": 0.0, "act_prec": 0.0, "act_f1": 0, "act_f1_stderr": 0, "slot_rec": 0.0, "slot_prec": 0, "slot_f1": 0, "slot_f1_stderr": 0, "request_slot_rec": 0.0, "request_slot_prec": 0, "request_slot_f1": 0, "request_slot_f1_stderr": 0, "object_rec": 0.8815020862308762, "object_prec": 0.8812569521690767, "object_f1": 0.8813795021554722, "object_f1_stderr": 0.0038129985658098965}